MID,Lib_Con,F1.1,F1.2,F1.3,G1.1,G1.2,G1.3,G1.4,H1.1,H1.2,Mean_textualtone,Mean_visualtone,Tone_textual_binary,Tone_visual_binary
CON001,1.0,1.0,1.0,0.0,0.0,0.0,0.0,0.0,0.0,0.0,-1.0,-1.0,1,1
CON003,1.0,0.0,1.0,0.0,0.0,0.0,0.0,0.0,0.0,0.0,1.0,1.0,0,0
CON004,1.0,1.0,1.0,0.0,0.0,1.0,1.0,1.0,0.0,0.0,-1.0,-1.0,1,1
CON005,1.0,0.0,1.0,0.0,0.0,0.0,0.0,1.0,0.0,0.0,1.0,-1.0,0,1
CON006,1.0,0.0,1.0,0.0,0.0,0.0,0.0,1.0,0.0,0.0,0.0,-1.0,0,1
CON007,1.0,0.0,1.0,0.0,1.0,1.0,0.0,0.0,0.0,0.0,-0.3333333333333333,-1.0,1,1
CON008,1.0,0.0,1.0,0.0,0.0,0.0,0.0,0.0,0.0,0.0,0.0,-0.6666666666666666,0,1
CON009,1.0,0.0,1.0,0.0,0.0,0.0,0.0,1.0,0.0,0.0,0.6666666666666666,-1.0,0,1
CON010,1.0,0.0,1.0,1.0,0.0,0.0,0.0,0.0,0.0,0.0,0.0,-1.0,0,1
CON011,1.0,1.0,1.0,0.0,0.0,0.0,0.0,0.0,0.0,0.0,0.0,-0.6666666666666666,0,1
CON012,1.0,0.0,1.0,0.0,0.0,0.0,0.0,0.0,0.0,0.0,0.0,-1.0,0,1
CON013,1.0,0.0,1.0,0.0,0.0,0.0,1.0,1.0,0.0,0.0,-1.0,-1.0,1,1
CON015,1.0,0.0,0.0,0.0,0.0,0.0,0.0,0.0,0.0,0.0,0.0,0.0,0,0
CON016,1.0,0.0,1.0,0.0,1.0,0.0,0.0,0.0,0.0,0.0,-0.3333333333333333,-1.0,1,1
CON017,1.0,0.0,0.0,0.0,1.0,0.0,0.0,0.0,0.0,0.0,0.0,0.3333333333333333,0,0
CON018,1.0,0.0,0.0,0.0,0.0,0.0,0.0,0.0,0.0,0.0,0.6666666666666666,-1.0,0,1
CON019,1.0,0.0,0.0,1.0,0.0,0.0,0.0,0.0,0.0,0.0,-1.0,-0.6666666666666666,1,1
CON020,1.0,0.0,1.0,1.0,1.0,1.0,0.0,0.0,0.0,0.0,-0.3333333333333333,-0.3333333333333333,1,1
CON021,1.0,1.0,1.0,0.0,0.0,0.0,0.0,1.0,0.0,0.0,0.6666666666666666,-0.6666666666666666,0,1
CON022,1.0,1.0,1.0,0.0,0.0,0.0,0.0,0.0,0.0,0.0,0.6666666666666666,0.6666666666666666,0,0
CON023,1.0,1.0,1.0,0.0,0.0,0.0,0.0,0.0,0.0,0.0,-0.3333333333333333,-0.3333333333333333,1,1
CON024,1.0,0.0,1.0,0.0,0.0,0.0,1.0,0.0,0.0,0.0,-0.6666666666666666,-0.6666666666666666,1,1
CON025,1.0,0.0,1.0,0.0,0.0,0.0,0.0,0.0,1.0,1.0,0.0,0.6666666666666666,0,0
CON026,1.0,0.0,1.0,0.0,0.0,1.0,0.0,0.0,0.0,0.0,0.0,-0.6666666666666666,0,1
CON027,1.0,0.0,1.0,0.0,0.0,0.0,0.0,0.0,0.0,0.0,0.0,-0.3333333333333333,0,1
CON028,1.0,0.0,1.0,0.0,0.0,0.0,1.0,0.0,0.0,0.0,-1.0,0.3333333333333333,1,0
CON029,1.0,0.0,1.0,0.0,0.0,0.0,1.0,0.0,0.0,0.0,-0.3333333333333333,-0.3333333333333333,1,1
CON030,1.0,0.0,1.0,0.0,0.0,0.0,0.0,0.0,0.0,0.0,0.0,-0.6666666666666666,0,1
CON031,1.0,1.0,1.0,1.0,0.0,0.0,0.0,0.0,0.0,0.0,0.0,-1.0,0,1
CON032,1.0,0.0,1.0,0.0,0.0,0.0,0.0,0.0,0.0,0.0,0.0,-1.0,0,1
CON033,1.0,1.0,1.0,0.0,0.0,0.0,0.0,0.0,0.0,0.0,0.0,-1.0,0,1
CON034,1.0,0.0,1.0,0.0,0.0,0.0,0.0,1.0,0.0,0.0,0.0,-0.6666666666666666,0,1
CON035,1.0,0.0,0.0,0.0,0.0,0.0,0.0,0.0,0.0,0.0,0.0,-0.3333333333333333,0,1
CON036,1.0,0.0,1.0,0.0,0.0,0.0,0.0,0.0,0.0,0.0,0.0,-0.6666666666666666,0,1
CON038,1.0,1.0,1.0,0.0,0.0,0.0,0.0,0.0,0.0,0.0,0.0,-1.0,0,1
CON039,1.0,0.0,0.0,1.0,0.0,0.0,0.0,0.0,0.0,0.0,0.0,-1.0,0,1
CON040,1.0,0.0,0.0,0.0,0.0,0.0,0.0,0.0,0.0,0.0,0.0,-1.0,0,1
CON041,1.0,0.0,1.0,1.0,0.0,0.0,1.0,0.0,0.0,0.0,-1.0,-0.6666666666666666,1,1
CON043,1.0,0.0,0.0,0.0,0.0,0.0,0.0,0.0,0.0,0.0,0.0,-0.3333333333333333,0,1
CON044,1.0,0.0,1.0,0.0,0.0,0.0,0.0,0.0,0.0,0.0,-0.6666666666666666,-0.6666666666666666,1,1
CON045,1.0,0.0,1.0,0.0,0.0,0.0,0.0,0.0,0.0,0.0,-0.6666666666666666,-1.0,1,1
CON046,1.0,0.0,1.0,0.0,0.0,0.0,0.0,0.0,0.0,0.0,0.6666666666666666,-0.6666666666666666,0,1
CON047,1.0,0.0,1.0,0.0,0.0,0.0,0.0,0.0,0.0,0.0,0.6666666666666666,0.0,0,0
CON048,1.0,0.0,0.0,0.0,0.0,1.0,0.0,0.0,0.0,0.0,-0.6666666666666666,-1.0,1,1
CON049,1.0,0.0,1.0,0.0,1.0,1.0,0.0,0.0,0.0,0.0,0.3333333333333333,-1.0,0,1
CON050,1.0,0.0,1.0,0.0,0.0,0.0,0.0,0.0,0.0,0.0,0.0,-1.0,0,1
CON051,1.0,0.0,1.0,0.0,0.0,0.0,0.0,0.0,0.0,0.0,0.0,-1.0,0,1
CON052,1.0,0.0,1.0,0.0,0.0,0.0,0.0,1.0,0.0,0.0,0.0,-1.0,0,1
CON054,1.0,0.0,1.0,1.0,0.0,0.0,0.0,0.0,0.0,0.0,-1.0,-0.6666666666666666,1,1
CON055,1.0,0.0,1.0,0.0,0.0,0.0,0.0,1.0,0.0,0.0,0.0,-1.0,0,1
CON056,1.0,0.0,0.0,1.0,0.0,1.0,0.0,0.0,0.0,0.0,0.6666666666666666,-1.0,0,1
CON057,1.0,0.0,1.0,0.0,0.0,0.0,0.0,0.0,1.0,0.0,-1.0,0.0,1,0
CON058,1.0,0.0,1.0,0.0,0.0,0.0,0.0,1.0,0.0,0.0,0.0,-1.0,0,1
CON059,1.0,0.0,1.0,1.0,0.0,0.0,1.0,1.0,0.0,0.0,-1.0,-1.0,1,1
CON061,1.0,0.0,1.0,0.0,0.0,0.0,0.0,0.0,1.0,0.0,0.0,0.0,0,0
CON063,1.0,0.0,1.0,0.0,0.0,0.0,0.0,0.0,0.0,0.0,-0.3333333333333333,-0.3333333333333333,1,1
CON064,1.0,0.0,1.0,1.0,0.0,1.0,0.0,0.0,0.0,0.0,0.0,-0.6666666666666666,0,1
CON065,1.0,0.0,1.0,0.0,0.0,0.0,1.0,0.0,0.0,0.0,-0.6666666666666666,0.0,1,0
CON066,1.0,0.0,1.0,0.0,0.0,0.0,0.0,0.0,0.0,0.0,0.0,-0.3333333333333333,0,1
CON067,1.0,0.0,1.0,0.0,0.0,0.0,0.0,0.0,0.0,0.0,0.0,-1.0,0,1
CON068,1.0,0.0,1.0,0.0,0.0,1.0,0.0,0.0,0.0,0.0,-0.6666666666666666,-1.0,1,1
CON069,1.0,1.0,1.0,0.0,0.0,0.0,0.0,0.0,1.0,0.0,0.0,-0.6666666666666666,0,1
CON070,1.0,0.0,1.0,0.0,0.0,0.0,0.0,0.0,0.0,0.0,0.0,-1.0,0,1
CON071,1.0,1.0,1.0,0.0,0.0,0.0,0.0,0.0,0.0,0.0,-1.0,-1.0,1,1
CON072,1.0,1.0,1.0,0.0,0.0,0.0,0.0,0.0,0.0,0.0,0.0,0.0,0,0
CON073,1.0,0.0,1.0,0.0,0.0,0.0,0.0,0.0,0.0,0.0,0.0,-0.6666666666666666,0,1
CON074,1.0,0.0,1.0,0.0,0.0,0.0,0.0,1.0,0.0,0.0,-0.6666666666666666,-1.0,1,1
CON075,1.0,0.0,1.0,0.0,0.0,0.0,1.0,0.0,0.0,0.0,-0.6666666666666666,-0.6666666666666666,1,1
CON076,1.0,0.0,1.0,1.0,0.0,0.0,0.0,0.0,0.0,0.0,1.0,-0.6666666666666666,0,1
CON077,1.0,0.0,1.0,1.0,0.0,0.0,0.0,0.0,0.0,0.0,0.0,-1.0,0,1
CON078,1.0,0.0,1.0,1.0,0.0,0.0,1.0,0.0,0.0,0.0,-1.0,0.0,1,0
CON080,1.0,0.0,1.0,1.0,0.0,0.0,0.0,0.0,0.0,0.0,0.3333333333333333,-0.6666666666666666,0,1
CON081,1.0,0.0,1.0,0.0,0.0,0.0,0.0,0.0,0.0,0.0,-1.0,-0.3333333333333333,1,1
CON082,1.0,0.0,1.0,0.0,0.0,0.0,0.0,0.0,0.0,0.0,-0.6666666666666666,-0.6666666666666666,1,1
CON083,1.0,0.0,1.0,0.0,0.0,0.0,0.0,1.0,0.0,0.0,-0.3333333333333333,-0.6666666666666666,1,1
CON084,1.0,1.0,1.0,1.0,0.0,0.0,0.0,0.0,0.0,0.0,0.0,-0.3333333333333333,0,1
CON085,1.0,0.0,1.0,0.0,0.0,0.0,0.0,0.0,0.0,0.0,0.0,-1.0,0,1
CON086,1.0,1.0,1.0,0.0,0.0,1.0,0.0,0.0,0.0,0.0,0.0,-0.6666666666666666,0,1
CON087,1.0,0.0,1.0,0.0,0.0,1.0,0.0,0.0,0.0,0.0,-0.3333333333333333,-1.0,1,1
CON088,1.0,0.0,1.0,1.0,0.0,1.0,0.0,0.0,0.0,0.0,0.0,-1.0,0,1
CON089,1.0,0.0,1.0,0.0,0.0,0.0,1.0,0.0,0.0,0.0,-1.0,-0.6666666666666666,1,1
CON090,1.0,0.0,0.0,1.0,0.0,1.0,0.0,0.0,0.0,0.0,0.0,-0.6666666666666666,0,1
CON091,1.0,0.0,1.0,0.0,1.0,1.0,0.0,0.0,0.0,0.0,-1.0,-1.0,1,1
CON092,1.0,0.0,1.0,0.0,0.0,0.0,0.0,0.0,0.0,0.0,0.0,-1.0,0,1
CON093,1.0,0.0,1.0,0.0,0.0,0.0,0.0,0.0,0.0,0.0,-1.0,0.0,1,0
CON094,1.0,0.0,1.0,0.0,0.0,0.0,0.0,0.0,0.0,0.0,-0.6666666666666666,-0.3333333333333333,1,1
CON095,1.0,0.0,0.0,1.0,0.0,0.0,0.0,0.0,0.0,0.0,0.0,-0.6666666666666666,0,1
CON096,1.0,0.0,1.0,0.0,0.0,0.0,0.0,0.0,0.0,0.0,0.0,-0.6666666666666666,0,1
CON097,1.0,0.0,0.0,1.0,0.0,0.0,0.0,0.0,0.0,0.0,-0.3333333333333333,-1.0,1,1
CON098,1.0,0.0,1.0,0.0,0.0,0.0,0.0,0.0,0.0,0.0,0.0,0.0,0,0
CON099,1.0,0.0,1.0,0.0,0.0,0.0,1.0,0.0,0.0,0.0,-1.0,-1.0,1,1
CON100,1.0,0.0,1.0,0.0,0.0,0.0,0.0,0.0,0.0,0.0,0.0,0.3333333333333333,0,0
CON101,1.0,0.0,1.0,0.0,0.0,0.0,1.0,0.0,0.0,0.0,-1.0,-0.6666666666666666,1,1
CON102,1.0,0.0,1.0,0.0,0.0,0.0,0.0,0.0,0.0,0.0,0.0,0.0,0,0
CON103,1.0,0.0,1.0,0.0,1.0,1.0,0.0,0.0,0.0,0.0,-1.0,-1.0,1,1
CON104,1.0,1.0,1.0,0.0,0.0,0.0,0.0,1.0,0.0,0.0,0.3333333333333333,-1.0,0,1
CON105,1.0,1.0,1.0,0.0,0.0,1.0,0.0,0.0,0.0,0.0,0.0,-1.0,0,1
CON106,1.0,0.0,1.0,0.0,0.0,0.0,0.0,0.0,0.0,0.0,-0.6666666666666666,-1.0,1,1
CON107,1.0,0.0,1.0,0.0,0.0,0.0,0.0,0.0,0.0,0.0,0.0,-1.0,0,1
CON108,1.0,0.0,1.0,0.0,0.0,0.0,0.0,0.0,0.0,0.0,0.0,-0.3333333333333333,0,1
CON109,1.0,0.0,1.0,0.0,0.0,0.0,0.0,0.0,0.0,0.0,0.0,-0.6666666666666666,0,1
CON110,1.0,0.0,1.0,0.0,1.0,1.0,0.0,0.0,0.0,0.0,-0.6666666666666666,-1.0,1,1
CON111,1.0,0.0,1.0,0.0,0.0,0.0,0.0,0.0,0.0,0.0,0.0,-0.6666666666666666,0,1
CON112,1.0,0.0,1.0,0.0,0.0,0.0,0.0,0.0,0.0,0.0,0.0,-1.0,0,1
CON113,1.0,0.0,1.0,0.0,0.0,0.0,0.0,0.0,0.0,0.0,0.3333333333333333,-1.0,0,1
CON114,1.0,0.0,1.0,0.0,0.0,0.0,0.0,0.0,0.0,0.0,0.0,-0.6666666666666666,0,1
CON115,1.0,0.0,1.0,1.0,0.0,0.0,0.0,0.0,0.0,0.0,-0.3333333333333333,-0.3333333333333333,1,1
CON116,1.0,0.0,1.0,0.0,0.0,1.0,0.0,0.0,0.0,0.0,0.0,-1.0,0,1
CON117,1.0,0.0,1.0,0.0,0.0,0.0,0.0,0.0,0.0,0.0,0.0,0.0,0,0
CON118,1.0,0.0,1.0,0.0,0.0,0.0,0.0,0.0,0.0,1.0,0.3333333333333333,-0.3333333333333333,0,1
CON119,1.0,0.0,1.0,0.0,0.0,0.0,0.0,1.0,0.0,0.0,0.0,-1.0,0,1
CON120,1.0,0.0,0.0,0.0,0.0,0.0,0.0,0.0,0.0,0.0,0.0,0.0,0,0
CON121,1.0,0.0,0.0,0.0,0.0,0.0,0.0,0.0,0.0,0.0,0.0,-0.3333333333333333,0,1
CON122,1.0,0.0,1.0,0.0,0.0,1.0,0.0,0.0,0.0,0.0,0.0,-1.0,0,1
CON123,1.0,0.0,0.0,1.0,0.0,0.0,0.0,0.0,0.0,0.0,0.3333333333333333,0.0,0,0
CON124,1.0,0.0,1.0,1.0,0.0,0.0,0.0,0.0,0.0,0.0,0.0,-1.0,0,1
CON125,1.0,0.0,1.0,0.0,0.0,0.0,0.0,0.0,0.0,0.0,-0.3333333333333333,-1.0,1,1
CON126,1.0,0.0,1.0,0.0,1.0,0.0,0.0,0.0,0.0,0.0,-0.6666666666666666,-0.3333333333333333,1,1
CON127,1.0,0.0,1.0,0.0,0.0,0.0,1.0,0.0,0.0,0.0,-1.0,-1.0,1,1
CON128,1.0,1.0,1.0,0.0,0.0,0.0,1.0,0.0,0.0,0.0,-1.0,0.0,1,0
CON129,1.0,0.0,1.0,0.0,1.0,1.0,0.0,0.0,0.0,0.0,-1.0,-1.0,1,1
CON130,1.0,0.0,1.0,0.0,0.0,0.0,0.0,1.0,0.0,0.0,0.0,-1.0,0,1
CON131,1.0,0.0,1.0,0.0,0.0,0.0,0.0,1.0,0.0,0.0,0.0,-1.0,0,1
CON132,1.0,0.0,1.0,0.0,0.0,0.0,0.0,0.0,0.0,0.0,-1.0,-0.3333333333333333,1,1
CON133,1.0,1.0,1.0,0.0,0.0,0.0,0.0,0.0,0.0,0.0,-0.3333333333333333,-1.0,1,1
CON134,1.0,1.0,1.0,0.0,0.0,0.0,0.0,0.0,0.0,0.0,-0.3333333333333333,-1.0,1,1
CON135,1.0,0.0,1.0,0.0,0.0,0.0,0.0,0.0,0.0,0.0,-0.3333333333333333,-0.3333333333333333,1,1
CON136,1.0,0.0,0.0,0.0,0.0,0.0,0.0,0.0,0.0,0.0,0.0,0.0,0,0
CON137,1.0,0.0,1.0,0.0,0.0,0.0,0.0,1.0,0.0,0.0,0.0,-1.0,0,1
CON138,1.0,0.0,1.0,1.0,0.0,0.0,0.0,0.0,0.0,0.0,-1.0,0.0,1,0
CON139,1.0,0.0,0.0,0.0,0.0,0.0,1.0,0.0,0.0,0.0,-0.3333333333333333,-0.6666666666666666,1,1
CON140,1.0,0.0,1.0,0.0,0.0,0.0,1.0,0.0,0.0,0.0,-1.0,0.0,1,0
CON141,1.0,1.0,1.0,0.0,0.0,0.0,1.0,0.0,0.0,0.0,-1.0,-1.0,1,1
CON144,1.0,0.0,1.0,0.0,0.0,1.0,0.0,0.0,0.0,0.0,0.0,-0.6666666666666666,0,1
CON145,1.0,0.0,1.0,0.0,0.0,1.0,0.0,0.0,1.0,0.0,-0.6666666666666666,-1.0,1,1
CON146,1.0,0.0,1.0,0.0,0.0,0.0,0.0,0.0,0.0,0.0,0.0,0.3333333333333333,0,0
CON147,1.0,0.0,1.0,0.0,0.0,0.0,0.0,1.0,0.0,0.0,0.6666666666666666,-0.6666666666666666,0,1
CON148,1.0,0.0,1.0,0.0,0.0,0.0,0.0,0.0,0.0,0.0,0.0,-1.0,0,1
CON149,1.0,0.0,1.0,0.0,0.0,0.0,0.0,0.0,0.0,0.0,-0.6666666666666666,-1.0,1,1
CON150,1.0,0.0,1.0,0.0,0.0,0.0,0.0,0.0,0.0,0.0,0.0,0.0,0,0
CON151,1.0,0.0,0.0,1.0,0.0,0.0,0.0,0.0,0.0,0.0,0.0,-0.6666666666666666,0,1
CON152,1.0,0.0,1.0,0.0,1.0,1.0,0.0,0.0,0.0,0.0,-1.0,-1.0,1,1
CON153,1.0,0.0,1.0,0.0,0.0,0.0,0.0,0.0,0.0,0.0,-0.3333333333333333,-1.0,1,1
CON154,1.0,0.0,1.0,0.0,0.0,0.0,0.0,0.0,0.0,0.0,0.0,0.3333333333333333,0,0
CON155,1.0,0.0,1.0,0.0,0.0,0.0,0.0,0.0,0.0,0.0,0.0,-0.6666666666666666,0,1
CON156,1.0,0.0,1.0,0.0,0.0,0.0,0.0,0.0,0.0,0.0,0.0,-1.0,0,1
CON157,1.0,0.0,1.0,0.0,0.0,0.0,0.0,0.0,0.0,0.0,-1.0,-1.0,1,1
CON158,1.0,0.0,1.0,0.0,0.0,0.0,1.0,0.0,0.0,0.0,-1.0,0.0,1,0
CON159,1.0,0.0,1.0,0.0,0.0,0.0,0.0,0.0,0.0,0.0,0.0,-0.6666666666666666,0,1
CON160,1.0,0.0,1.0,1.0,0.0,0.0,0.0,0.0,0.0,0.0,-0.3333333333333333,-0.6666666666666666,1,1
CON161,1.0,1.0,1.0,0.0,0.0,0.0,0.0,0.0,0.0,0.0,-1.0,-0.6666666666666666,1,1
CON162,1.0,0.0,1.0,0.0,0.0,0.0,1.0,0.0,0.0,0.0,-1.0,-1.0,1,1
CON163,1.0,0.0,1.0,0.0,0.0,1.0,0.0,0.0,0.0,0.0,0.0,-1.0,0,1
CON164,1.0,0.0,1.0,0.0,0.0,0.0,1.0,1.0,0.0,0.0,-1.0,-1.0,1,1
CON165,1.0,0.0,1.0,0.0,0.0,0.0,0.0,0.0,0.0,0.0,0.0,-0.3333333333333333,0,1
CON166,1.0,0.0,1.0,0.0,0.0,0.0,0.0,1.0,0.0,0.0,0.0,-1.0,0,1
CON167,1.0,0.0,1.0,0.0,0.0,0.0,0.0,0.0,0.0,0.0,0.6666666666666666,-1.0,0,1
CON168,1.0,0.0,1.0,0.0,0.0,0.0,1.0,0.0,0.0,0.0,-1.0,-1.0,1,1
CON169,1.0,0.0,1.0,0.0,0.0,0.0,0.0,0.0,0.0,0.0,0.0,-0.6666666666666666,0,1
CON170,1.0,1.0,1.0,0.0,0.0,0.0,0.0,0.0,0.0,0.0,0.0,-1.0,0,1
CON172,1.0,0.0,1.0,0.0,0.0,0.0,0.0,1.0,0.0,0.0,-0.6666666666666666,-1.0,1,1
CON173,1.0,0.0,1.0,0.0,0.0,0.0,0.0,0.0,0.0,0.0,-1.0,-0.6666666666666666,1,1
CON174,1.0,0.0,1.0,0.0,0.0,1.0,0.0,0.0,0.0,0.0,0.0,-0.6666666666666666,0,1
CON175,1.0,0.0,1.0,0.0,0.0,0.0,0.0,0.0,0.0,0.0,-0.6666666666666666,-0.6666666666666666,1,1
CON176,1.0,0.0,1.0,0.0,0.0,0.0,0.0,0.0,0.0,0.0,1.0,-1.0,0,1
CON177,1.0,0.0,1.0,0.0,0.0,0.0,0.0,1.0,0.0,0.0,0.3333333333333333,-1.0,0,1
CON178,1.0,0.0,1.0,0.0,0.0,0.0,0.0,1.0,0.0,0.0,-0.3333333333333333,-1.0,1,1
CON179,1.0,1.0,1.0,0.0,0.0,0.0,0.0,0.0,0.0,0.0,-1.0,-0.3333333333333333,1,1
CON180,1.0,0.0,1.0,0.0,0.0,0.0,0.0,1.0,0.0,0.0,0.0,-1.0,0,1
LIB012,0.0,1.0,1.0,0.0,0.0,0.0,0.0,0.0,0.0,0.0,0.0,-0.6666666666666666,0,1
LIB013,0.0,0.0,0.0,0.0,0.0,0.0,0.0,0.0,0.0,0.0,0.0,0.0,0,0
LIB014,0.0,0.0,1.0,0.0,0.0,0.0,0.0,0.0,0.0,0.0,-1.0,-1.0,1,1
LIB015,0.0,0.0,1.0,0.0,0.0,0.0,0.0,0.0,0.0,0.0,-0.6666666666666666,-0.6666666666666666,1,1
LIB016,0.0,0.0,1.0,0.0,0.0,0.0,1.0,0.0,0.0,0.0,0.0,-0.6666666666666666,0,1
LIB018,0.0,0.0,0.0,0.0,0.0,0.0,1.0,0.0,0.0,0.0,0.0,0.0,0,0
LIB019,0.0,0.0,1.0,0.0,0.0,0.0,0.0,1.0,0.0,0.0,0.6666666666666666,-0.6666666666666666,0,1
LIB020,0.0,0.0,1.0,0.0,0.0,0.0,0.0,0.0,1.0,0.0,1.0,0.3333333333333333,0,0
LIB021,0.0,0.0,1.0,0.0,0.0,0.0,0.0,1.0,0.0,0.0,-0.3333333333333333,-1.0,1,1
LIB022,0.0,0.0,1.0,0.0,0.0,0.0,1.0,0.0,0.0,0.0,-0.3333333333333333,-0.3333333333333333,1,1
LIB023,0.0,0.0,1.0,0.0,0.0,0.0,0.0,1.0,0.0,0.0,-0.6666666666666666,-0.6666666666666666,1,1
LIB024,0.0,0.0,1.0,0.0,0.0,0.0,1.0,0.0,0.0,0.0,-1.0,-0.6666666666666666,1,1
LIB026,0.0,0.0,0.0,0.0,0.0,0.0,0.0,0.0,0.0,0.0,-0.6666666666666666,-1.0,1,1
LIB027,0.0,1.0,1.0,0.0,0.0,0.0,0.0,0.0,0.0,0.0,-0.3333333333333333,0.0,1,0
LIB028,0.0,0.0,0.0,1.0,0.0,0.0,0.0,0.0,0.0,0.0,0.0,-1.0,0,1
LIB029,0.0,0.0,1.0,0.0,0.0,0.0,0.0,0.0,0.0,0.0,-0.3333333333333333,0.0,1,0
LIB030,0.0,0.0,1.0,0.0,0.0,0.0,1.0,0.0,0.0,0.0,-1.0,-0.3333333333333333,1,1
LIB032,0.0,0.0,1.0,0.0,0.0,0.0,1.0,1.0,0.0,0.0,-1.0,-1.0,1,1
LIB033,0.0,0.0,0.0,1.0,0.0,0.0,0.0,0.0,0.0,0.0,0.0,-0.6666666666666666,0,1
LIB034,0.0,0.0,1.0,0.0,0.0,0.0,1.0,0.0,0.0,0.0,-1.0,0.0,1,0
LIB035,0.0,1.0,1.0,0.0,0.0,0.0,0.0,1.0,0.0,0.0,0.0,-0.6666666666666666,0,1
LIB036,0.0,0.0,1.0,0.0,0.0,0.0,1.0,0.0,0.0,0.0,-1.0,-1.0,1,1
LIB037,0.0,0.0,0.0,1.0,0.0,0.0,0.0,0.0,0.0,0.0,0.0,-1.0,0,1
LIB038,0.0,0.0,1.0,1.0,0.0,0.0,1.0,0.0,0.0,0.0,-1.0,-1.0,1,1
LIB039,0.0,0.0,0.0,1.0,0.0,0.0,0.0,0.0,0.0,0.0,-1.0,-0.3333333333333333,1,1
LIB040,0.0,0.0,0.0,1.0,0.0,0.0,0.0,0.0,0.0,0.0,0.3333333333333333,-1.0,0,1
LIB044,0.0,1.0,1.0,0.0,0.0,0.0,0.0,0.0,0.0,0.0,-0.3333333333333333,-0.6666666666666666,1,1
LIB045,0.0,0.0,1.0,0.0,0.0,0.0,0.0,0.0,0.0,0.0,-0.6666666666666666,-0.3333333333333333,1,1
LIB046,0.0,1.0,1.0,0.0,0.0,0.0,0.0,0.0,0.0,0.0,-0.3333333333333333,-1.0,1,1
LIB047,0.0,0.0,1.0,0.0,0.0,0.0,0.0,0.0,0.0,0.0,0.0,-1.0,0,1
LIB048,0.0,0.0,1.0,0.0,0.0,0.0,0.0,0.0,0.0,0.0,0.0,-0.3333333333333333,0,1
LIB049,0.0,1.0,1.0,0.0,0.0,0.0,0.0,0.0,0.0,0.0,0.0,-0.6666666666666666,0,1
LIB050,0.0,1.0,1.0,0.0,0.0,0.0,0.0,0.0,0.0,0.0,-0.6666666666666666,-0.3333333333333333,1,1
LIB051,0.0,0.0,1.0,0.0,0.0,0.0,0.0,0.0,0.0,0.0,-1.0,-0.6666666666666666,1,1
LIB052,0.0,0.0,1.0,0.0,0.0,0.0,0.0,0.0,0.0,0.0,-0.6666666666666666,-0.6666666666666666,1,1
LIB053,0.0,0.0,0.0,1.0,0.0,0.0,1.0,0.0,0.0,0.0,-1.0,-1.0,1,1
LIB054,0.0,0.0,1.0,0.0,0.0,0.0,1.0,0.0,0.0,0.0,-0.6666666666666666,0.0,1,0
LIB055,0.0,0.0,1.0,0.0,0.0,0.0,0.0,0.0,0.0,0.0,0.0,-1.0,0,1
LIB056,0.0,0.0,1.0,0.0,0.0,0.0,0.0,0.0,0.0,0.0,0.0,-1.0,0,1
LIB057,0.0,0.0,1.0,0.0,0.0,0.0,0.0,0.0,0.0,0.0,-0.3333333333333333,-0.3333333333333333,1,1
LIB058,0.0,1.0,1.0,0.0,0.0,0.0,0.0,0.0,0.0,0.0,0.0,0.3333333333333333,0,0
LIB060,0.0,0.0,1.0,0.0,0.0,0.0,1.0,0.0,0.0,0.0,-1.0,-0.6666666666666666,1,1
LIB061,0.0,0.0,0.0,0.0,0.0,0.0,0.0,0.0,0.0,0.0,-1.0,-1.0,1,1
LIB062,0.0,0.0,1.0,0.0,0.0,0.0,0.0,0.0,0.0,0.0,0.3333333333333333,1.0,0,0
LIB063,0.0,0.0,1.0,0.0,0.0,0.0,0.0,0.0,0.0,0.0,0.0,-0.6666666666666666,0,1
LIB064,0.0,1.0,1.0,0.0,0.0,0.0,0.0,1.0,0.0,0.0,0.6666666666666666,-0.6666666666666666,0,1
LIB066,0.0,0.0,1.0,0.0,0.0,0.0,0.0,0.0,0.0,0.0,0.0,0.0,0,0
LIB067,0.0,0.0,1.0,0.0,1.0,0.0,0.0,0.0,0.0,0.0,-1.0,-1.0,1,1
LIB068,0.0,0.0,0.0,0.0,0.0,0.0,0.0,0.0,0.0,0.0,0.0,0.0,0,0
LIB069,0.0,0.0,0.0,1.0,0.0,0.0,0.0,0.0,0.0,0.0,0.0,0.6666666666666666,0,0
LIB070,0.0,0.0,0.0,0.0,0.0,0.0,0.0,0.0,0.0,0.0,0.0,0.0,0,0
LIB071,0.0,0.0,1.0,0.0,0.0,0.0,0.0,0.0,0.0,0.0,0.0,-1.0,0,1
LIB072,0.0,0.0,1.0,0.0,0.0,0.0,1.0,0.0,0.0,0.0,-0.6666666666666666,-0.6666666666666666,1,1
LIB074,0.0,0.0,0.0,1.0,0.0,0.0,0.0,0.0,0.0,0.0,-0.6666666666666666,-0.6666666666666666,1,1
LIB075,0.0,0.0,1.0,0.0,0.0,0.0,0.0,1.0,0.0,0.0,1.0,-1.0,0,1
LIB076,0.0,0.0,1.0,0.0,0.0,0.0,0.0,0.0,0.0,0.0,0.3333333333333333,-1.0,0,1
LIB077,0.0,0.0,0.0,0.0,0.0,0.0,0.0,0.0,0.0,0.0,0.0,0.0,0,0
LIB078,0.0,0.0,1.0,0.0,0.0,0.0,0.0,0.0,0.0,0.0,-0.6666666666666666,-0.3333333333333333,1,1
LIB079,0.0,0.0,1.0,0.0,0.0,0.0,0.0,1.0,0.0,0.0,0.0,-1.0,0,1
LIB080,0.0,0.0,1.0,0.0,0.0,0.0,0.0,0.0,0.0,0.0,0.0,-1.0,0,1
LIB081,0.0,0.0,1.0,0.0,0.0,0.0,0.0,0.0,0.0,0.0,0.0,-1.0,0,1
LIB082,0.0,0.0,1.0,0.0,0.0,0.0,0.0,0.0,0.0,0.0,-0.6666666666666666,-1.0,1,1
LIB083,0.0,1.0,1.0,0.0,0.0,0.0,0.0,1.0,0.0,0.0,0.0,-0.3333333333333333,0,1
LIB084,0.0,0.0,1.0,0.0,0.0,0.0,0.0,0.0,0.0,0.0,0.0,-0.6666666666666666,0,1
LIB085,0.0,0.0,1.0,0.0,0.0,0.0,0.0,0.0,0.0,0.0,-0.3333333333333333,-1.0,1,1
LIB086,0.0,0.0,0.0,1.0,0.0,0.0,0.0,0.0,0.0,0.0,-0.6666666666666666,0.0,1,0
LIB087,0.0,0.0,1.0,0.0,0.0,0.0,0.0,0.0,0.0,0.0,-0.6666666666666666,-0.6666666666666666,1,1
LIB088,0.0,1.0,1.0,0.0,0.0,0.0,0.0,0.0,0.0,0.0,0.0,-1.0,0,1
LIB092,0.0,0.0,1.0,0.0,0.0,0.0,1.0,0.0,0.0,0.0,-1.0,-1.0,1,1
LIB093,0.0,0.0,1.0,0.0,0.0,0.0,1.0,0.0,0.0,0.0,-1.0,0.0,1,0
LIB094,0.0,1.0,1.0,0.0,0.0,0.0,0.0,0.0,0.0,0.0,0.0,-1.0,0,1
LIB095,0.0,0.0,1.0,0.0,0.0,0.0,0.0,0.0,0.0,0.0,0.0,-1.0,0,1
LIB096,0.0,1.0,1.0,0.0,0.0,0.0,0.0,0.0,0.0,0.0,0.0,-0.6666666666666666,0,1
LIB097,0.0,0.0,0.0,0.0,0.0,0.0,0.0,0.0,0.0,0.0,0.6666666666666666,-1.0,0,1
LIB099,0.0,1.0,1.0,0.0,0.0,0.0,1.0,0.0,0.0,0.0,-1.0,-1.0,1,1
LIB100,0.0,1.0,1.0,0.0,0.0,0.0,0.0,0.0,0.0,0.0,-0.3333333333333333,0.0,1,0
LIB101,0.0,1.0,1.0,0.0,0.0,0.0,0.0,1.0,0.0,0.0,0.0,-1.0,0,1
LIB102,0.0,0.0,1.0,0.0,0.0,0.0,0.0,0.0,0.0,0.0,0.0,-1.0,0,1
LIB103,0.0,0.0,1.0,0.0,0.0,0.0,0.0,0.0,0.0,0.0,0.0,-0.6666666666666666,0,1
LIB104,0.0,0.0,1.0,0.0,0.0,0.0,0.0,0.0,0.0,0.0,0.0,0.3333333333333333,0,0
LIB105,0.0,0.0,1.0,0.0,0.0,1.0,0.0,0.0,0.0,0.0,-0.6666666666666666,-0.3333333333333333,1,1
LIB106,0.0,0.0,1.0,0.0,0.0,0.0,0.0,0.0,0.0,0.0,0.0,-0.6666666666666666,0,1
LIB107,0.0,0.0,0.0,1.0,0.0,0.0,0.0,0.0,0.0,0.0,-0.3333333333333333,0.0,1,0
LIB108,0.0,0.0,1.0,0.0,0.0,0.0,0.0,0.0,0.0,0.0,0.0,-0.3333333333333333,0,1
LIB109,0.0,0.0,1.0,0.0,0.0,0.0,0.0,0.0,0.0,0.0,-1.0,-1.0,1,1
LIB110,0.0,0.0,0.0,1.0,0.0,0.0,0.0,0.0,0.0,0.0,0.0,0.3333333333333333,0,0
LIB111,0.0,0.0,1.0,0.0,0.0,0.0,1.0,0.0,0.0,0.0,-0.3333333333333333,0.0,1,0
LIB112,0.0,0.0,1.0,0.0,0.0,0.0,0.0,1.0,0.0,0.0,-0.6666666666666666,-0.6666666666666666,1,1
LIB114,0.0,0.0,0.0,1.0,0.0,0.0,0.0,0.0,0.0,0.0,-0.6666666666666666,-0.6666666666666666,1,1
LIB116,0.0,0.0,1.0,0.0,0.0,0.0,0.0,0.0,0.0,0.0,-1.0,-1.0,1,1
LIB117,0.0,0.0,0.0,0.0,0.0,0.0,0.0,0.0,0.0,0.0,0.0,-0.6666666666666666,0,1
LIB118,0.0,1.0,1.0,0.0,0.0,0.0,0.0,0.0,0.0,0.0,0.3333333333333333,1.0,0,0
LIB121,0.0,0.0,1.0,0.0,0.0,0.0,0.0,0.0,0.0,0.0,-0.3333333333333333,-1.0,1,1
LIB122,0.0,0.0,1.0,0.0,0.0,0.0,0.0,1.0,0.0,0.0,-0.3333333333333333,-1.0,1,1
LIB124,0.0,0.0,1.0,0.0,0.0,0.0,0.0,0.0,0.0,0.0,-0.6666666666666666,-0.6666666666666666,1,1
LIB125,0.0,0.0,1.0,0.0,0.0,0.0,0.0,1.0,0.0,0.0,-0.6666666666666666,-1.0,1,1
LIB126,0.0,1.0,1.0,0.0,0.0,0.0,0.0,0.0,0.0,0.0,-0.6666666666666666,-0.6666666666666666,1,1
LIB127,0.0,0.0,1.0,0.0,0.0,0.0,0.0,0.0,0.0,0.0,1.0,1.0,0,0
LIB128,0.0,0.0,1.0,0.0,0.0,0.0,0.0,0.0,0.0,0.0,0.0,-1.0,0,1
LIB129,0.0,0.0,1.0,0.0,0.0,0.0,0.0,0.0,0.0,0.0,0.0,-0.3333333333333333,0,1
LIB130,0.0,0.0,1.0,0.0,0.0,0.0,0.0,0.0,0.0,0.0,-1.0,-0.3333333333333333,1,1
LIB132,0.0,0.0,1.0,0.0,0.0,0.0,0.0,0.0,0.0,0.0,0.0,-0.3333333333333333,0,1
LIB134,0.0,0.0,1.0,0.0,0.0,0.0,1.0,0.0,0.0,0.0,0.0,-1.0,0,1
LIB135,0.0,0.0,1.0,0.0,0.0,0.0,0.0,0.0,0.0,0.0,0.0,-1.0,0,1
LIB136,0.0,0.0,1.0,0.0,0.0,0.0,0.0,0.0,0.0,0.0,0.0,0.0,0,0
LIB137,0.0,0.0,1.0,0.0,0.0,0.0,0.0,0.0,0.0,0.0,-0.3333333333333333,-1.0,1,1
LIB138,0.0,0.0,1.0,0.0,0.0,0.0,1.0,0.0,0.0,0.0,-1.0,-0.6666666666666666,1,1
LIB139,0.0,0.0,0.0,0.0,0.0,0.0,0.0,0.0,0.0,0.0,-0.3333333333333333,-1.0,1,1
LIB140,0.0,1.0,1.0,0.0,0.0,0.0,1.0,0.0,0.0,0.0,-1.0,-1.0,1,1
LIB142,0.0,1.0,1.0,0.0,0.0,0.0,0.0,1.0,0.0,0.0,0.0,-1.0,0,1
LIB143,0.0,0.0,1.0,0.0,0.0,0.0,0.0,1.0,0.0,0.0,0.0,-1.0,0,1
LIB144,0.0,0.0,1.0,0.0,0.0,0.0,0.0,0.0,0.0,0.0,0.0,-1.0,0,1
LIB145,0.0,0.0,1.0,0.0,0.0,0.0,1.0,0.0,0.0,0.0,-0.6666666666666666,-1.0,1,1
LIB146,0.0,0.0,0.0,1.0,0.0,0.0,0.0,0.0,0.0,0.0,-0.3333333333333333,1.0,1,0
LIB147,0.0,0.0,1.0,0.0,0.0,0.0,0.0,0.0,0.0,0.0,1.0,-1.0,0,1
LIB148,0.0,1.0,1.0,0.0,0.0,0.0,0.0,0.0,0.0,0.0,0.0,0.3333333333333333,0,0
LIB149,0.0,0.0,1.0,0.0,0.0,0.0,0.0,0.0,0.0,0.0,-1.0,0.0,1,0
LIB150,0.0,0.0,1.0,0.0,0.0,0.0,0.0,1.0,0.0,0.0,-0.3333333333333333,-1.0,1,1
LIB153,0.0,0.0,1.0,0.0,0.0,0.0,0.0,0.0,0.0,0.0,0.0,-0.6666666666666666,0,1
LIB154,0.0,0.0,1.0,0.0,0.0,0.0,0.0,1.0,0.0,0.0,0.0,-0.6666666666666666,0,1
LIB156,0.0,0.0,1.0,0.0,0.0,0.0,0.0,1.0,1.0,0.0,0.3333333333333333,0.0,0,0
LIB157,0.0,0.0,1.0,0.0,0.0,0.0,0.0,0.0,0.0,0.0,-0.3333333333333333,-1.0,1,1
LIB158,0.0,0.0,1.0,0.0,0.0,0.0,0.0,1.0,0.0,0.0,-1.0,-1.0,1,1
LIB160,0.0,0.0,1.0,0.0,0.0,0.0,0.0,0.0,0.0,0.0,-0.6666666666666666,-1.0,1,1
LIB161,0.0,0.0,1.0,0.0,0.0,0.0,0.0,0.0,0.0,0.0,-0.6666666666666666,-0.6666666666666666,1,1
LIB162,0.0,0.0,0.0,0.0,0.0,0.0,0.0,0.0,0.0,0.0,-0.6666666666666666,-1.0,1,1
LIB163,0.0,0.0,1.0,0.0,0.0,0.0,0.0,1.0,0.0,0.0,-0.6666666666666666,-0.3333333333333333,1,1
LIB164,0.0,0.0,1.0,0.0,0.0,0.0,0.0,0.0,0.0,0.0,-0.3333333333333333,-1.0,1,1
LIB165,0.0,0.0,1.0,0.0,0.0,0.0,0.0,1.0,0.0,0.0,-0.6666666666666666,-1.0,1,1
LIB166,0.0,0.0,1.0,0.0,0.0,0.0,0.0,0.0,0.0,0.0,-0.3333333333333333,-0.6666666666666666,1,1
LIB167,0.0,0.0,0.0,0.0,0.0,0.0,0.0,0.0,0.0,0.0,-0.6666666666666666,-1.0,1,1
LIB168,0.0,0.0,1.0,0.0,0.0,0.0,0.0,1.0,0.0,0.0,-1.0,-1.0,1,1
LIB169,0.0,0.0,0.0,0.0,0.0,0.0,0.0,0.0,0.0,0.0,0.3333333333333333,0.6666666666666666,0,0
LIB170,0.0,0.0,0.0,0.0,0.0,0.0,0.0,0.0,0.0,0.0,0.0,0.0,0,0
LIB171,0.0,0.0,1.0,0.0,0.0,0.0,0.0,0.0,0.0,0.0,0.3333333333333333,1.0,0,0
LIB172,0.0,0.0,1.0,0.0,0.0,0.0,0.0,0.0,0.0,0.0,0.0,0.6666666666666666,0,0
LIB173,0.0,0.0,1.0,0.0,0.0,0.0,0.0,0.0,0.0,0.0,-0.3333333333333333,-1.0,1,1
LIB174,0.0,0.0,1.0,0.0,0.0,0.0,0.0,1.0,0.0,0.0,-0.6666666666666666,-1.0,1,1
LIB177,0.0,0.0,1.0,0.0,0.0,0.0,0.0,0.0,0.0,0.0,0.3333333333333333,-0.6666666666666666,0,1
LIB179,0.0,1.0,1.0,0.0,0.0,0.0,0.0,1.0,0.0,0.0,0.0,-1.0,0,1
LIB180,0.0,1.0,1.0,0.0,0.0,0.0,0.0,0.0,0.0,0.0,-1.0,-1.0,1,1
LIB182,0.0,0.0,1.0,0.0,0.0,0.0,0.0,1.0,0.0,0.0,0.0,-1.0,0,1
LIB183,0.0,0.0,1.0,0.0,0.0,0.0,0.0,0.0,0.0,0.0,-0.6666666666666666,-0.6666666666666666,1,1
LIB184,0.0,0.0,0.0,1.0,0.0,0.0,0.0,0.0,0.0,0.0,0.0,0.0,0,0
LIB186,0.0,0.0,1.0,0.0,0.0,0.0,0.0,0.0,0.0,0.0,-1.0,-1.0,1,1
LIB187,0.0,0.0,0.0,1.0,0.0,0.0,0.0,0.0,0.0,0.0,-0.3333333333333333,-1.0,1,1
LIB188,0.0,0.0,1.0,0.0,0.0,0.0,0.0,0.0,0.0,0.0,0.0,-0.6666666666666666,0,1
LIB189,0.0,0.0,1.0,0.0,0.0,0.0,1.0,0.0,0.0,0.0,-1.0,-0.6666666666666666,1,1
LIB195,0.0,0.0,0.0,0.0,0.0,1.0,0.0,0.0,0.0,0.0,-0.3333333333333333,-0.6666666666666666,1,1
LIB196,0.0,0.0,0.0,1.0,0.0,0.0,0.0,0.0,0.0,0.0,-0.6666666666666666,-0.6666666666666666,1,1
LIB197,0.0,0.0,1.0,0.0,0.0,0.0,0.0,0.0,0.0,0.0,0.0,-1.0,0,1
LIB198,0.0,1.0,1.0,0.0,0.0,0.0,0.0,0.0,0.0,0.0,0.0,0.3333333333333333,0,0
LIB199,0.0,0.0,0.0,0.0,0.0,0.0,0.0,0.0,0.0,0.0,0.0,0.0,0,0
LIB200,0.0,0.0,1.0,0.0,0.0,0.0,1.0,0.0,0.0,0.0,-1.0,-1.0,1,1
LIB202,0.0,0.0,1.0,0.0,0.0,0.0,0.0,0.0,0.0,0.0,-0.3333333333333333,0.0,1,0
LIB203,0.0,0.0,1.0,0.0,0.0,0.0,0.0,0.0,0.0,0.0,-0.3333333333333333,-0.3333333333333333,1,1
LIB204,0.0,1.0,1.0,0.0,0.0,0.0,0.0,0.0,0.0,0.0,-0.3333333333333333,-1.0,1,1
LIB205,0.0,0.0,1.0,0.0,0.0,0.0,0.0,0.0,0.0,0.0,0.3333333333333333,-1.0,0,1
LIB206,0.0,0.0,1.0,1.0,0.0,0.0,0.0,0.0,0.0,0.0,-0.6666666666666666,-0.3333333333333333,1,1
LIB207,0.0,0.0,1.0,0.0,0.0,0.0,0.0,0.0,0.0,0.0,0.0,0.3333333333333333,0,0
LIB208,0.0,0.0,1.0,0.0,0.0,0.0,1.0,1.0,0.0,0.0,-1.0,-1.0,1,1
LIB209,0.0,0.0,1.0,0.0,0.0,0.0,0.0,0.0,0.0,0.0,-0.6666666666666666,-0.6666666666666666,1,1
LIB210,0.0,0.0,0.0,0.0,0.0,0.0,0.0,0.0,0.0,0.0,0.0,-1.0,0,1
